,0,1,2,3,4,5,6,7,8,9,10,11,12,13,14,15,16,17,18,19,20,21,22,23,24,25,26,27,28,29,30,31,32,33,34,35,36,37,38,39,40,41,42,43,44,45,46,47,48,49,50,51,52,53,54,55,56,57,58,59,60,61,62,63
0,0.03954399,-0.14229804,0.23030232,0.04654552,0.04195271,-0.03268719,0.18261933,0.0023881423,-0.21858442,-0.17151645,0.19306037,-0.038100615,0.0824382,0.21984752,0.065501854,0.01729586,-0.17883772,0.11215443,0.25607094,0.15489209,0.13530445,0.3392838,0.24957706,0.05008837,0.0076025403,0.17859048,0.020178784,0.1060535,0.0105772065,0.048219517,0.050352022,-0.14425738,-0.19848622,-0.37712976,0.014031468,-0.00044915866,-0.0812427,0.0858222,0.3498165,0.104860455,0.1822763,-0.03251944,-0.049426854,-0.10675915,0.0055563417,-0.017074931,0.031362332,-0.2923043,-0.0068034967,0.06406767,0.010680166,-0.007931302,0.03538394,0.08124641,0.088835455,0.22381912,0.0794086,-0.29058316,0.08381954,-0.14824994,0.23778795,-0.033980627,-0.22156255,0.17914297
1,-0.027424939,-0.11008619,0.10245447,0.056355126,0.13964884,-0.17817597,0.1513104,0.12029573,-0.18098845,0.046046257,0.23417749,0.030527022,-0.0032368416,0.16370682,0.018666523,0.062185884,-0.10869922,0.06383136,0.10130174,0.19290356,0.27822313,0.10434436,0.106649764,-0.07710641,0.058322687,-0.02121362,-0.17368054,-0.02418602,0.03147213,-0.1320362,-0.004870214,-0.21084265,-0.009034205,-0.23427513,0.10207606,0.23848048,-0.030864485,0.07186429,0.2503865,0.07736844,0.23835948,-0.045793835,-0.016037652,-0.3607091,-0.1043653,0.13446285,-0.017165868,-0.15540673,0.042001165,0.08691452,0.07232547,0.21378608,0.13732432,0.020088196,0.3674736,0.02877362,-0.009467789,-0.24771468,0.22519824,-0.10063595,0.20745046,-0.21865565,-0.24054433,0.067071274
2,-0.044658802,-0.08646064,0.2427458,0.16649634,0.061758105,-0.267563,0.038497224,0.10602443,-3.401978e-05,-0.07057652,0.1481257,0.032430593,0.0021666628,0.021611026,-0.107186414,0.072727256,-0.15423746,0.041389994,-0.027732713,0.10568674,0.22648072,0.04743753,0.2203775,0.00799198,0.09891491,0.1481372,-0.18434653,0.012486654,-0.15029098,-0.094694436,0.0060573886,-0.091141075,0.0072842673,-0.1450218,0.116999805,0.14378928,-0.007870443,0.036880463,0.28706422,-0.13929643,0.001972267,0.095183216,-0.07569583,-0.36424497,-0.04387782,-0.034760572,0.026630467,0.033257764,0.03345778,0.09856701,0.13009116,0.16439942,0.023645323,0.12969442,0.31370312,0.015446335,-0.020725422,-0.22429855,0.045132358,-0.04111017,-0.024008736,-0.13492034,-0.16068469,0.035910547
3,0.05880147,-0.092302576,0.18708408,0.13739988,0.17854725,-0.23189081,0.13176681,-0.13705924,-0.35868335,-0.112955295,0.083893046,0.042429004,0.13915622,-0.10433104,0.036211144,0.091186166,-0.15067786,0.10351236,0.23522723,0.103843614,0.07867334,0.2842179,0.08164987,0.012212456,0.01919875,0.07782304,-0.06251053,0.1018358,-0.0014176104,0.032238055,-0.0070000086,-0.20560175,-0.2659872,-0.386996,0.10960516,0.10074826,0.023561737,-0.03416349,0.33216262,0.052195422,0.03213054,-0.0056060213,-0.052103236,-0.2992653,0.16030371,0.09610503,-0.12593323,-0.3643578,0.16349816,0.11731469,0.14985693,0.22228348,-0.05802626,0.027482104,0.26140454,-0.10242621,-0.098386556,-0.08619767,0.09085952,0.05548972,-0.00258688,-0.36534804,-0.14778557,0.10300709
4,0.26660886,0.01759528,0.32703087,-0.014616154,0.0112972,0.18597238,-0.07648059,-0.14313774,0.025457615,-0.15124626,0.20154941,-0.2591264,0.16513422,0.45023358,0.009785233,0.043465443,-0.27133635,0.059143536,0.07708846,0.119416066,0.09760771,0.2875825,0.33504617,0.27368695,-0.20856495,0.23274983,-0.09606418,-0.12083393,-0.1480591,-0.10151882,-0.29766923,-0.28204563,-0.10335385,-0.38288617,0.026916308,-0.27037057,0.039398007,0.021433607,0.257474,0.18337983,0.21389346,-0.058788158,-0.120422535,-0.35154828,-0.06373855,0.061980385,-0.09040938,-0.27492765,-0.011174836,-0.1112415,-0.08323432,-0.13190982,-0.12570822,0.036291078,0.1911284,0.43265682,0.2380079,-0.37921485,0.13929045,-0.1432369,0.15227607,0.036845673,-0.13862771,0.08946404
5,0.09211338,-0.15484144,0.29197457,-0.05234097,0.19105588,0.09928812,-0.07356195,-0.33691624,-0.076431274,-0.31974012,0.1253329,-0.16212386,0.07111032,0.24517049,-0.06258525,-0.046069484,-0.2713027,-0.01943841,0.07870173,0.10917735,-0.04932326,0.21274516,0.3598212,0.35616702,-0.1453496,0.34550372,-0.17236352,-0.11088443,-0.23996598,-0.046654705,-0.104898475,-0.070547946,-0.21508934,-0.27230632,0.05031099,-0.23514356,0.07242171,0.05654669,0.33789945,0.27937913,0.4071786,-0.20011939,-0.09962576,-0.29364702,0.0058324165,-0.20592928,0.10004475,-0.30374318,0.09519864,-0.13156974,-0.03601023,-0.02643634,-0.048782658,0.037878916,0.060838506,0.5351637,0.39137244,-0.40241513,0.08585219,-0.023353659,0.1685821,0.0018357502,-0.167244,0.33378533
6,0.033668276,-0.052248478,0.19825424,-0.097394094,0.15088397,0.03683369,-0.0028181684,-0.26984736,-0.054024532,-0.30129448,0.13715443,-0.12794389,-0.0038129555,0.2641861,-0.06553778,-0.010530013,-0.21017133,0.02100769,0.19292063,0.2227558,-0.068820134,0.27790028,0.1991581,0.36307946,-0.26515988,0.40100205,-0.26130402,-0.10153818,-0.22595154,-0.10790654,-0.048106395,-0.07863901,-0.20907646,-0.16765392,-0.071646996,-0.0844182,0.24389489,0.03949558,0.20177686,0.2820376,0.43027285,-0.22694485,0.018102493,-0.33522454,-0.0074146306,-0.14066695,-0.055439793,-0.253936,0.16037132,-0.20777781,-0.08553821,0.05587349,-0.045226958,0.10905437,0.09924973,0.55788994,0.4825972,-0.41745993,0.056298118,-0.118617274,0.20066008,0.020555815,-0.26764748,0.3290195
7,-0.039131217,-0.009230586,0.17519845,0.040233478,0.10525387,-0.2595846,0.010451341,-0.22401984,-0.22819686,-0.15225706,0.09399983,0.1269354,0.028803604,-0.08322282,0.063571036,0.07620281,-0.22063194,0.04021856,0.3272813,0.03122685,0.21931824,0.16413932,0.18710458,0.060442135,0.10279714,0.13679196,-0.16783123,0.0932609,0.04112088,-0.024844293,-0.17859767,-0.11870314,-0.043321613,-0.19555947,0.1671213,0.11664287,-0.054490417,0.11362244,0.3081375,-0.06054117,0.08390804,0.058536418,-0.12239071,-0.427674,0.03358368,0.12199682,-0.075738005,-0.17877583,-0.0074626193,0.021875089,0.1395739,0.09268743,0.08214197,0.041829776,0.2745315,0.07747266,-0.038887136,-0.22161591,0.05155311,-0.12853579,-0.008389442,-0.25575355,-0.0699791,0.047617145
8,0.037320305,-0.02081993,0.066101275,-0.079316854,-0.104778305,-0.13403426,-0.0059402464,0.14624567,-0.11604947,0.112367555,0.23093769,0.04371477,0.030326445,-0.059930637,-0.05602905,-0.07461331,-0.017984962,0.14291053,-0.060235344,-0.0324913,0.13663732,-0.13540396,0.2625514,0.02438802,0.025576979,0.06429844,-0.052173454,-0.11099566,0.10428016,-0.20046331,-0.18474737,0.048431657,-0.20444341,-0.11556869,-0.03465158,0.16190092,0.20284793,0.09509324,0.13872659,0.02289783,0.2140094,0.19232272,-0.16653305,-0.18243617,0.13894896,0.06463893,-0.08988415,-0.15182905,0.080648236,0.02312893,0.116869815,0.07648486,0.050552685,0.16236891,0.27726388,0.071869776,0.09962269,-0.02943494,0.090144016,0.027053406,0.24913296,-0.08384911,0.11197523,0.18731841
9,0.0150347175,0.032576606,-0.033572014,-0.08478664,0.02105621,-0.27447304,0.033303585,0.09627938,-0.19347273,-0.04219231,0.17489843,0.022527294,0.056609157,-0.14060225,-0.040856395,0.061475884,0.1084885,-0.06290796,0.061294142,-0.049144432,0.12030039,-0.20035502,0.22083776,-0.23201317,0.09471733,-0.010814399,-0.17797692,-0.07043074,-0.05172426,-0.115309395,-0.08387665,0.19318603,-0.42466784,-0.07784415,0.028827613,0.17703937,0.07017475,0.19062646,0.10183506,-0.10053105,0.12262672,0.279618,-0.09036809,-0.25145435,0.027586393,-0.012798189,-0.081424884,-0.13415286,0.02514019,0.101378284,0.060306806,0.04830784,-0.02474786,0.13319354,0.38392472,0.040420912,0.011237063,-0.047793128,-0.05386643,0.011269101,0.10736433,-0.1976691,0.0969049,0.021118628
10,0.22350533,3.8064958e-05,0.06416856,0.034747515,0.16425626,0.08814885,-0.08575035,-0.18006723,-0.077293225,-0.19549517,0.15806657,-0.16543694,0.13942595,0.20755325,0.061841425,0.07702603,-0.3009975,0.17229682,0.24951585,0.34241697,0.058992382,0.3125085,0.24155974,0.33728945,-0.2821145,0.45637292,-0.22478725,-0.14594172,-0.1978802,0.072255366,-0.06635307,-0.10448534,-0.08093782,-0.15604056,-0.074841544,-0.15902399,0.16179693,0.07515004,0.31050208,0.18875933,0.13772544,-0.08830649,0.06828204,-0.35460767,-0.13911219,-0.13507204,-0.11859876,-0.24341214,0.0058217305,-0.15713474,0.14847958,-0.09097339,0.05393928,0.2336788,0.037669305,0.42688447,0.3946513,-0.3792617,0.031040696,-0.2600616,0.12666173,-0.10205131,-0.20476423,0.088007756
11,-0.027852729,-0.04493251,0.264561,0.03796021,-0.0021479435,-0.062412567,0.08949741,-0.10221195,0.0409124,0.0002157379,0.118401945,-0.012246474,-0.021438077,0.22285166,0.02252901,0.051791783,-0.37673408,0.13478813,0.025388591,0.021317206,0.15798722,0.31660587,0.10235254,0.19524856,-0.098775424,0.16993685,-0.0032942127,-0.004612813,0.09970953,-0.0033674128,-0.15995957,-0.3222177,-0.07710045,-0.23289046,-0.010527114,0.1015275,0.09922331,0.09925516,0.32444942,0.057296652,0.25974274,-0.10047967,-0.028675446,-0.22945057,0.0019798146,0.09115095,-0.09938767,-0.30139685,0.12850243,-0.23031092,0.15146863,-0.032872397,0.08458944,0.04538471,0.2155214,0.21718144,0.13290025,-0.25450745,-0.075695895,-0.06764057,0.11136256,-0.1047862,-0.2091238,0.17574327
12,-0.046834946,-0.114758775,0.4802805,0.12326406,0.110583186,-0.11921177,0.046434905,-0.2193139,-0.24442965,0.14301644,0.14235258,0.13532254,0.094143465,0.012263139,0.2241535,-0.0962198,-0.12590034,0.22711562,0.36201867,0.10440581,0.14674836,0.25337175,-0.04357197,0.1525955,0.027481694,0.012132329,-0.24450481,0.14635605,0.150341,0.0035365587,-0.14272955,-0.1972059,-0.04632369,-0.3152214,0.29412213,-0.053174,-0.089119725,0.26405498,0.45069143,0.13496305,0.25580925,-0.0074414755,-0.0915464,-0.53387797,0.1804988,0.0053711724,-0.0020812708,0.01618723,-0.009930855,-0.03378256,0.22705074,0.061969932,0.09926758,-0.082007304,0.23957305,0.12363545,0.06797187,-0.010512604,0.08276625,0.13142677,0.024896346,-0.30843592,-0.22618186,0.008102931
13,-0.09569239,-0.01620932,0.12352587,0.014907215,0.024460042,-0.26783493,0.093174785,-0.09719906,-0.20734443,-0.1039897,0.13466486,0.08842913,-0.050135072,-0.068374105,0.08815731,0.026410054,-0.097752884,0.0025228288,0.2301794,-0.015500377,0.17663577,0.13812941,0.13025893,0.014594498,0.099322,0.06958247,-0.15915832,0.09463907,0.08562605,-0.07312092,-0.19583172,-0.038871136,-0.10142427,-0.17848364,0.06210208,0.18053417,0.042504404,0.1654925,0.23558441,-0.08244655,0.17365144,0.06135228,-0.08741406,-0.34291726,0.021814303,0.14874026,-0.094837435,-0.14953625,0.039028514,0.021868851,0.11207266,0.0656893,0.073913984,0.06596688,0.31162193,0.10971234,-0.037515234,-0.25680602,-0.008599535,-0.05416559,0.0758621,-0.12643188,-0.07587621,0.11320795
14,0.09347407,0.016419573,0.15185814,0.16636214,-0.11722136,-0.21875574,0.07882279,0.3637149,0.050811786,0.24029715,0.10748063,-0.21266602,0.10424511,-0.21595873,-0.075533465,0.08428853,0.09952481,0.06442106,-0.20537713,0.087896414,0.1655921,-0.11280994,0.30604973,-0.005540518,0.12070986,-0.05492083,0.062876455,-0.08890782,0.12789771,-0.039938346,0.005047739,0.27384242,-0.39797094,-0.045232408,-0.15555228,0.16103056,0.22720131,0.21960805,0.12364584,-0.040812135,0.17907862,0.17534746,-0.024623074,-0.26734728,0.08941843,-0.044682767,-0.008157414,0.041648623,0.051336303,0.14817685,0.07620065,0.007490552,0.01898748,0.3526842,0.31542942,-0.05071366,0.094695464,0.10199265,-0.140316,0.06531741,0.13927971,-0.016421063,0.24884127,0.09256639
15,0.07474515,0.03937826,0.16050462,0.13070016,-0.14433657,-0.22697249,0.067821756,0.24678451,0.031330146,0.17283404,0.18702307,-0.1763533,0.15059146,-0.19271098,-0.068536095,0.06063015,0.06550742,0.015987251,-0.21466208,-0.048488814,0.14695996,-0.06867679,0.2598701,-0.08761405,0.099811755,-0.0665636,-0.030114792,-0.08530501,0.022911265,0.0056381635,-0.081773646,0.2722663,-0.41443786,-0.04950685,-0.10611063,0.09158926,0.21335417,0.23375238,0.12335959,-0.057475835,0.17617507,0.20931342,-0.057050254,-0.22849178,0.04225274,-0.03202867,-0.044941988,0.010074464,0.056677006,0.06437194,0.12398256,-0.02908772,-0.054643914,0.24964012,0.32668248,-0.041141983,0.10933578,0.07118834,-0.22443664,0.13018712,0.119226106,-0.079874806,0.23203614,0.034462173
16,0.17858596,-0.19274868,0.090504035,-0.210415,0.24657333,0.10019786,-0.046381243,-0.31407422,-0.12544149,-0.12300737,0.077205785,-0.22278376,0.19907194,0.35205197,-0.05213643,0.20803419,-0.24298805,0.06192131,0.16152667,0.2640324,0.05361742,0.19877623,0.3492686,0.38892472,-0.14288224,0.253678,-0.23315004,-0.2812916,-0.31050935,-0.02223932,-0.021818439,-0.033888496,-0.2880406,-0.20167685,0.008754815,-0.14870149,0.22982073,0.033695105,0.31758323,0.2429383,0.40746003,-0.06838055,0.069502555,-0.26608747,-0.01438102,-0.16858383,0.10153302,-0.3266786,0.16779086,-0.13871714,-0.16116665,-0.017850673,-0.048325695,-0.074771434,0.06754514,0.67328227,0.500633,-0.18287592,0.10196035,-0.22902985,0.24385129,-0.070547074,-0.16690001,0.3643075
17,-0.14054178,-0.042349216,0.13788283,0.019776851,0.074749075,-0.119493306,0.13251054,-0.07508895,-0.06115264,0.0072913477,0.08654278,0.052354094,-0.03911533,0.1657524,0.02349371,0.085611895,-0.24192764,0.06301472,0.0876635,0.0018101519,0.15229248,0.2638459,0.1297853,0.09533904,-0.030708855,0.106855474,-0.07564625,0.038482074,0.096345566,-0.068056144,-0.18368135,-0.27050808,-0.14132024,-0.22761373,0.056500945,0.16115372,0.05306306,0.11015434,0.3872677,0.011783612,0.27234524,-0.10849097,0.00563644,-0.24987929,-0.03754195,0.19166923,-0.031372994,-0.26749745,0.043889035,-0.13343424,0.10329034,-0.013284241,0.14305824,0.0040733307,0.27882385,0.23322575,0.064750314,-0.2968676,-0.0144498255,-0.10463172,0.12351214,-0.124941595,-0.22023925,0.1773533
18,0.02061436,0.057245456,0.0318313,0.12636246,-0.021967556,-0.22829033,0.072532676,0.2523638,-0.016023306,0.19326262,0.06548884,-0.15360098,0.10083329,-0.2035456,-0.075170465,0.13655783,0.110069565,-0.020240562,-0.18621345,0.013172469,0.10231242,-0.15299189,0.2979687,-0.08595796,0.12029406,-0.04003982,-0.009230505,-0.10960602,0.004889519,-0.06809336,-0.0031180521,0.24095574,-0.5193067,-0.050573576,-0.11184849,0.17967975,0.13030882,0.21766889,0.12754484,-0.051148243,0.18681337,0.17782664,-0.04957558,-0.28414157,0.015964841,-0.06069967,-0.03349217,0.0065501784,0.039735883,0.093930736,0.07727916,-0.009169886,0.053292416,0.2832383,0.33411267,0.01284887,0.08627131,0.062341623,-0.19563703,0.118047394,0.08292749,-0.07395034,0.19399594,0.09080169
19,-0.06964729,-0.011116519,0.06883083,0.021479234,0.10318597,-0.13179867,0.16584633,-0.05182799,-0.048733063,-0.068194374,0.08548064,0.0116640115,-0.03990467,0.08877476,0.0033117365,0.13994502,-0.22006358,-0.022935685,0.08260149,-0.022198549,0.123848855,0.17097579,0.20865367,-0.0057738363,0.06226732,0.09546673,0.01762332,0.024571333,0.11243467,0.0620575,-0.0767918,-0.09130255,-0.22578354,-0.22480606,-0.049864374,0.1393054,-0.0361112,0.19050682,0.30445224,-0.07906619,0.22478378,-0.04320137,-0.048705872,-0.27846897,-0.06570783,0.011192913,-0.08925011,-0.3107714,0.02049094,-0.033816617,0.12679982,-0.069107525,0.11583501,0.07480733,0.24235174,0.15331966,0.055180218,-0.3226459,-0.10161017,-0.10912283,0.03919436,-0.093550056,-0.17239626,0.10354827
20,0.15398052,0.1547511,0.16196403,0.20473133,-0.23435596,-0.15071887,0.07394472,0.24089293,0.024302552,0.2038466,0.10031284,-0.19378196,0.14736262,-0.27657208,-0.029169101,0.09229517,0.09531528,0.031376332,-0.2426222,0.08555897,0.058193456,-0.028312331,0.33355927,0.08393273,0.08153378,-0.0070110913,0.06064105,-0.08612782,0.08373254,-0.029147146,-0.088970214,0.23365061,-0.4102287,-0.069873154,-0.22462589,0.012160888,0.29392764,0.17068113,0.11391783,0.012606151,0.18033096,0.13065188,0.049720068,-0.28036752,0.050664432,0.03083844,-0.07328253,0.004588219,0.05740912,0.0330973,0.2027601,0.032897998,-0.09328145,0.39104474,0.29207706,-0.079374425,0.114766896,0.097003445,-0.0976028,0.073675945,0.09395728,-0.03559628,0.296258,0.10173935
21,-0.08344279,-0.15432706,0.12456444,0.0129895415,0.15436071,-0.19260566,0.1406632,-0.1654178,-0.10959454,-0.09669145,0.030486109,0.028038008,-0.072915025,0.08702992,0.009554561,0.21948941,-0.26245987,-0.012063735,0.14246427,0.0562492,0.19440341,0.26564717,0.16738603,0.10935171,0.059908427,0.1289348,-0.048567522,0.025990706,0.042685654,-0.045842167,-0.105767205,-0.25339508,-0.13646014,-0.23727076,0.06111219,0.21368828,0.07357436,0.047659036,0.41286844,-0.12731475,0.14895347,-0.016244201,0.04257692,-0.25134614,0.0035548096,0.13237499,0.013508768,-0.34801885,0.09075012,-0.055239182,0.11355463,-0.0023931307,0.075249866,-0.021790624,0.27147958,0.17487334,-0.051926386,-0.312947,-0.026933268,-0.16779178,0.049444087,-0.15675442,-0.17936139,0.23390763
22,0.07778376,0.038767762,0.04679561,0.13575388,-0.05644413,-0.17757098,0.0624561,0.21710797,-0.04087807,0.22179945,0.18629877,-0.18738483,0.1607007,-0.26893044,-0.032542218,0.05775865,0.12854351,0.012078926,-0.14992103,-0.007913219,0.111291215,-0.11547445,0.29033074,-0.019289974,0.094877474,-0.03958382,-0.024878003,-0.08472845,0.009506655,-0.046656925,-0.053015385,0.3104788,-0.439476,-0.023566468,-0.17896535,0.117232196,0.20780243,0.2073301,0.111483775,-0.021159803,0.19708577,0.20980163,-0.11053078,-0.32692665,0.05660735,-0.06250599,-0.040810723,0.07762173,0.050268326,0.09608696,0.11153178,-0.025896922,0.004595929,0.27546158,0.2903545,-0.019997003,0.17084166,0.059588507,-0.17330374,0.15557458,0.16250986,-0.033677652,0.2657699,0.1069483
23,0.10240621,0.045450445,0.406955,0.10443862,-0.31638643,-0.2557999,0.03229853,0.29982522,0.02768494,-0.013068015,0.07171837,0.012914841,-0.084215306,-0.07939757,-0.07266032,0.06599213,0.1235288,0.01907936,-0.23431304,0.14170337,0.11851329,-0.1848294,0.28076032,-0.13954233,0.13578367,0.06047556,-0.05318718,-0.10029896,0.016842056,-0.12273443,0.036231123,0.16118072,-0.38915828,-0.07745334,0.044592846,-0.026513994,0.2334816,0.22965573,0.08452102,-0.027190393,0.10259463,0.29815012,0.19151919,-0.04475968,0.08348375,-0.20938714,0.0067828465,-0.0013765881,0.029768622,-0.054664772,0.196443,-0.03701316,-0.1458925,0.37005785,0.32578778,-0.0074862316,0.026113844,0.13040589,-0.1562695,0.040693272,0.023235029,-0.20919934,0.13498302,-0.074915394
24,-0.07107963,-0.021882817,0.5131201,0.042553872,-0.16760752,-0.13128865,0.07784159,0.267651,0.06949752,-0.002324336,-0.011519826,0.10091633,-0.23799996,0.06236231,-0.15299395,0.04287879,0.21864401,-0.03528915,-0.09830594,0.087677,0.043419242,-0.17372577,0.21259375,-0.24575987,-0.02068192,0.19703977,-0.15179771,0.061684776,-0.13209316,-0.28713262,0.15386583,0.050366223,-0.5467687,0.015213971,0.21401659,-0.05989849,0.21029034,0.24500573,0.27227095,-0.14879881,0.04281972,0.3548255,0.2676919,0.051260874,0.11276688,-0.21095797,0.28008208,0.11159176,-0.18635368,-0.12188524,0.105411306,-0.22874974,-0.17696548,0.27191344,0.34454772,0.10549877,0.017685017,0.045997348,-0.24335754,-0.026925173,0.08594919,-0.22176643,0.024474986,-0.008849275
25,0.06089693,0.036918588,0.5057557,0.11635098,-0.13959597,-0.16600451,-0.0005420298,0.2733634,0.12866682,-0.016244728,0.07253645,-0.12273608,-0.09252571,-0.114264995,-0.20567319,-0.014484111,0.061730493,0.046396684,0.09089554,0.18192966,0.17235568,-0.02537391,0.13354023,-0.19675882,-0.17861898,0.24827293,-0.0037002282,0.12006335,0.0023214424,-0.19235294,0.22399008,0.034622416,-0.52391845,0.15746102,0.08816148,0.1179043,0.24958761,0.16466416,0.093822956,-0.0035535246,-0.0020730041,0.25404295,0.11964111,-0.02843298,0.19677195,-0.07526913,0.18139908,0.055734128,-0.16294743,-0.10873192,-0.03497536,-0.15486765,-0.15961266,0.4476963,0.28994825,-0.16479859,0.04763899,0.11278732,-0.2872263,-0.12281755,0.22054003,-0.24000879,0.2666526,-0.032300014
26,0.28201064,0.028027881,0.4436961,-0.00667947,-0.40723917,-0.36349785,0.0699773,0.25201836,0.18538001,-0.098923415,0.27694708,-0.23697889,0.04843327,0.04314221,-0.065881185,0.071736924,-0.19006419,-0.01679437,-0.20076673,0.025589496,0.2992981,-0.12938659,0.1365089,-0.14991415,0.19445194,-0.114552304,0.056958117,-0.20520554,0.12074469,0.16367854,0.09260243,0.28590935,-0.21919477,-0.048968602,-0.15394656,0.14754722,0.24376184,0.356036,-0.29187647,-0.050323438,0.2522026,0.29696432,-0.034623597,-0.1710504,0.071527764,-0.35611355,-0.24339329,-0.14217319,0.33281776,-0.032119032,0.045767322,0.07319467,-0.26139158,0.28781524,0.36729154,-0.10047711,0.19268198,0.139949,-0.32728022,0.030504512,0.056637194,-0.15885763,0.13159491,-0.19049801
27,-0.022471879,0.15507326,0.2588904,0.06979466,-0.11735636,-0.2782396,-0.086302936,0.26331872,-0.0024081198,-0.075367294,-0.071483925,0.06624586,-0.09877425,-0.11045541,-0.17398138,0.045157786,0.008878151,0.056268357,-0.005114864,0.101371266,0.17903797,-0.23922575,0.29884177,-0.21973039,-0.001683206,0.19708662,-0.07112142,-0.051422343,0.038113978,-0.23924938,0.032777302,0.100200176,-0.4380605,0.0573266,0.19674878,0.18387401,0.16429195,0.2157392,0.020288166,0.042900387,0.070795,0.20706815,0.043822125,-0.06816116,0.11492729,-0.035671923,0.017285336,-0.03313357,-0.10848664,-0.026988879,-0.018793028,-0.015071173,0.085361354,0.4264742,0.34352657,0.013759582,0.06532888,0.13413318,-0.1872925,-0.11389614,0.06661963,-0.33176303,0.21781024,-0.10530024
28,0.13392417,0.016670812,0.24490575,-0.0054737637,-0.11590133,-0.15317951,0.042416416,0.11033317,-0.0842284,-0.032454424,0.33043635,-0.116992265,-0.011703854,-0.08326173,-0.03826081,-0.008731813,0.14220838,-0.07397114,0.1262399,0.09279579,0.17435421,0.020249834,0.1051188,-0.20528635,-0.073996924,0.121090464,-0.16173618,0.06479781,-0.13779671,-0.2121008,0.0018258023,0.0022689584,-0.383834,-0.046587296,-0.046356637,0.13032985,0.078754924,0.09039937,0.06333117,-0.084464416,-0.011482456,0.3472587,-0.080292754,-0.23121351,0.01890852,0.04023526,-0.05292919,0.0013351062,-0.08044283,-0.043687794,0.05235158,-0.031171763,-0.2043997,0.20884465,0.30827773,-0.10658551,-0.099445,-0.12978917,-0.082222916,0.0013480388,0.23181942,-0.04582543,0.1526377,0.090957165
29,0.28918293,0.19950955,0.30530947,0.20837487,-0.27214566,-0.10838561,0.15793855,0.07521648,0.0053864084,0.2023583,-0.04639056,-0.1347929,-0.077255934,0.018941473,-0.025950883,0.32627138,-0.11969177,-0.024498018,-0.14617215,-0.011266575,0.31139383,-0.07037102,0.3749242,-0.101696946,0.2613437,0.034421865,0.113432914,-0.15030785,-0.05117523,-0.12422993,0.1477392,0.09385057,-0.30673707,-0.07199042,-0.20744234,0.12797698,0.19840379,0.3212772,-0.19876209,-0.087978646,0.11325929,0.36221254,-0.12277023,-0.34151375,-0.051462203,-0.21034169,-0.22985227,0.041808214,0.015506822,-0.11309919,0.09552335,-0.041145787,-0.059776958,0.32176754,0.2770312,-0.12600943,0.14165406,0.16742355,-0.44203392,0.070683025,0.024933463,-0.2099718,0.24836233,-0.011787157
30,-0.075393125,0.07184117,0.06906521,0.077945314,-0.056960084,-0.22113521,0.08075742,0.24243595,0.06928104,0.0024405504,0.18673556,-0.0016680874,0.07634867,-0.19286597,-0.15658848,0.051995825,-0.024548126,0.010273422,-0.13640048,0.054425634,0.07278146,-0.09402889,0.3854179,-0.0014230469,0.11740734,0.088689655,0.08682395,0.0029737644,0.08650991,-0.02205923,-0.042979088,0.16395618,-0.3468407,-0.15915377,-0.142677,0.20301022,0.009019474,0.08323875,0.21045193,-0.105661765,0.1137737,0.1383788,-0.1706489,-0.29184797,0.11218379,-0.059866566,-0.07867325,-0.058013096,0.05955008,0.15250781,0.08025052,0.10026603,0.07597693,0.26163015,0.24287312,0.02784776,0.08961282,-0.08828181,0.039863523,-0.035083063,0.007357688,0.08397171,0.06573332,0.14972143
31,-0.015914489,-0.04592591,0.36901596,0.13634026,-0.12042575,-0.19579764,-0.09792968,0.13151418,0.09824482,0.0020666476,0.22978815,-0.0071652494,0.05123323,-0.17723353,-0.20907947,-0.063843064,-0.04615942,0.038054843,-0.23152292,-0.042882122,0.16900721,-0.05989557,0.27294287,-0.15576029,-0.061104175,0.20730455,-0.110773146,-0.0013800691,-0.14834917,-0.088257,-0.014495318,0.04406784,-0.3992855,0.13590513,0.12802207,-0.049066827,0.16230421,0.09022944,0.30127895,0.07462646,0.07167522,0.20018603,0.027970487,0.019474084,0.013010839,-0.093783244,0.22637476,0.031026812,-0.11335377,-0.23825385,0.23203084,-0.18542552,-0.08111722,0.30361786,0.21516655,-0.07496335,0.10660293,0.012303461,-0.28202745,0.10359237,0.20368375,-0.28460652,0.2608822,-0.006488083
32,0.05237189,0.18986958,0.1889578,-0.0110677965,-0.15314893,-0.11941227,0.16927977,0.2810634,0.034432236,0.19678749,0.23114234,0.03170314,0.09759691,-0.08508631,-0.22619326,0.0051443726,0.041078985,0.13285878,-0.105638705,-0.07491576,0.08555324,-0.057396416,0.26942196,-0.18784057,-0.012842653,0.04197787,-0.006269403,0.05631907,0.048537236,0.0041947854,0.016903507,0.26972798,-0.38228115,-0.038151853,-0.179006,0.049029943,0.28913262,0.19971259,0.06530589,-0.06343771,0.12265689,0.24105,-0.1543183,-0.23792212,0.17214565,-0.024357276,-0.13851538,-0.023844479,-0.0011433688,0.0810212,0.026220037,0.10504654,-0.12335577,0.21431027,0.28974047,-0.10447659,0.3177379,0.12143758,-0.11391763,-0.014068109,0.1238547,-0.1536097,0.08806965,0.007856643
33,-0.0140050445,0.119629264,0.19423814,0.15676807,-0.18055281,-0.23540142,0.17148648,0.3116451,-0.026584938,0.10942938,0.1408914,-0.0018240607,0.070511654,-0.0694907,-0.17661905,0.08600136,0.0022963372,0.0829771,-0.24754576,-0.11552944,0.17490064,0.033396054,0.33167988,-0.15558825,0.100928836,0.040812373,-0.051732533,0.03546458,-0.113775425,-0.033374455,-0.035106085,0.2447373,-0.286769,-0.1031512,-0.0979777,0.08520263,0.3184461,0.1444141,0.06517016,-0.072290674,0.053036336,0.20370165,-0.11850047,-0.12279952,0.06738589,0.043221466,-0.09099226,0.066821665,0.06864502,0.1177274,0.010212959,0.12719019,-0.048967194,0.21656108,0.2967074,-0.008268224,0.24534914,0.0710278,-0.23030397,0.09216934,0.08418842,-0.1310296,0.091115735,0.036795937
