user_id_1,user_id_2,interaction_type,timestamp
U1007,U1017,comment,21-03-2025 23:25
U1012,U1005,comment,23-03-2025 07:18
U1010,U1007,share,23-03-2025 11:05
U1007,U1013,share,22-03-2025 20:49
U1011,U1010,comment,20-03-2025 19:06
U1013,U1007,share,23-03-2025 08:50
U1008,U1017,comment,22-03-2025 14:24
U1012,U1011,comment,23-03-2025 10:04
U1016,U1020,share,21-03-2025 08:07
U1017,U1011,comment,21-03-2025 17:56
U1005,U1010,like,23-03-2025 03:52
U1012,U1008,comment,22-03-2025 00:55
U1017,U1003,share,22-03-2025 22:51
U1018,U1002,comment,22-03-2025 03:46
U1005,U1015,like,21-03-2025 06:55
U1006,U1008,share,23-03-2025 05:22
U1004,U1012,comment,22-03-2025 00:26
U1005,U1008,comment,20-03-2025 16:46
U1012,U1017,share,22-03-2025 01:22
U1019,U1002,like,23-03-2025 17:14
U1003,U1004,like,23-03-2025 02:08
U1017,U1005,like,21-03-2025 13:01
U1014,U1018,like,23-03-2025 06:50
U1009,U1013,like,20-03-2025 18:55
U1014,U1012,like,21-03-2025 00:39
U1007,U1019,share,22-03-2025 17:41
U1014,U1015,like,21-03-2025 20:46
U1002,U1019,comment,21-03-2025 17:05
U1016,U1002,share,22-03-2025 10:50
U1005,U1015,comment,20-03-2025 21:29
U1005,U1017,comment,23-03-2025 03:35
U1013,U1015,comment,22-03-2025 12:40
U1018,U1002,share,20-03-2025 22:05
U1011,U1020,like,23-03-2025 00:44
U1016,U1001,share,23-03-2025 07:21
U1002,U1007,share,22-03-2025 13:59
U1001,U1012,comment,23-03-2025 10:17
U1010,U1012,comment,23-03-2025 01:53
U1010,U1006,share,22-03-2025 22:31
U1006,U1015,like,21-03-2025 02:35
U1017,U1013,comment,23-03-2025 16:15
U1009,U1007,comment,22-03-2025 13:52
U1011,U1020,like,23-03-2025 16:28
U1019,U1011,share,22-03-2025 10:14
U1011,U1001,like,22-03-2025 09:11
U1001,U1018,share,20-03-2025 21:30
U1007,U1015,comment,23-03-2025 08:44
U1013,U1003,like,22-03-2025 09:54
U1004,U1009,like,21-03-2025 07:46
U1017,U1003,like,22-03-2025 03:42
U1005,U1015,share,22-03-2025 19:13
U1010,U1009,like,21-03-2025 04:20
U1003,U1004,comment,22-03-2025 23:54
U1019,U1002,comment,21-03-2025 16:49
U1009,U1010,share,22-03-2025 10:35
U1015,U1017,comment,20-03-2025 21:10
U1019,U1007,comment,22-03-2025 02:59
U1001,U1020,like,22-03-2025 05:15
U1012,U1020,share,20-03-2025 23:02
U1007,U1009,share,23-03-2025 19:25
U1014,U1019,share,23-03-2025 13:31
U1004,U1003,share,23-03-2025 12:48
U1015,U1018,like,21-03-2025 19:53
U1019,U1010,like,21-03-2025 06:59
U1013,U1018,comment,23-03-2025 01:03
U1011,U1008,like,23-03-2025 10:01
U1003,U1017,share,20-03-2025 11:43
U1006,U1011,like,21-03-2025 13:00
U1006,U1013,share,22-03-2025 21:21
U1001,U1013,comment,23-03-2025 10:55
U1007,U1020,like,21-03-2025 14:10
U1006,U1005,comment,20-03-2025 11:49
U1015,U1013,like,22-03-2025 00:59
U1020,U1016,share,20-03-2025 21:00
U1018,U1002,comment,23-03-2025 04:04
U1016,U1010,share,21-03-2025 00:45
U1005,U1012,share,23-03-2025 00:29
U1016,U1013,share,21-03-2025 09:12
U1005,U1007,like,22-03-2025 06:12
U1010,U1005,like,22-03-2025 02:27
U1019,U1016,like,23-03-2025 05:36
U1019,U1004,share,23-03-2025 06:35
U1007,U1011,like,22-03-2025 16:00
U1006,U1010,comment,21-03-2025 17:30
U1019,U1014,comment,22-03-2025 11:03
U1007,U1006,like,21-03-2025 17:14
U1016,U1006,share,21-03-2025 05:22
U1001,U1017,like,23-03-2025 05:17
U1002,U1004,share,22-03-2025 22:54
U1017,U1004,comment,21-03-2025 21:52
U1002,U1001,comment,23-03-2025 02:40
U1006,U1004,comment,23-03-2025 05:17
U1019,U1009,comment,20-03-2025 16:02
U1008,U1019,comment,21-03-2025 09:44
U1019,U1004,share,23-03-2025 10:20
U1008,U1005,comment,23-03-2025 18:37
U1012,U1016,share,21-03-2025 03:08
U1019,U1014,share,21-03-2025 09:53
U1003,U1007,comment,20-03-2025 13:48
U1010,U1005,like,20-03-2025 13:29
U1003,U1014,like,23-03-2025 21:18
U1005,U1020,share,22-03-2025 22:26
U1012,U1002,comment,23-03-2025 10:13
U1006,U1020,like,20-03-2025 14:43
U1005,U1016,like,20-03-2025 22:55
U1018,U1009,like,22-03-2025 04:13
U1019,U1015,comment,23-03-2025 12:38
U1002,U1012,like,23-03-2025 17:33
U1016,U1006,share,23-03-2025 18:18
U1013,U1017,share,22-03-2025 12:54
U1008,U1014,comment,22-03-2025 05:55
U1001,U1007,share,21-03-2025 14:47
U1013,U1016,like,20-03-2025 21:14
U1020,U1007,comment,22-03-2025 11:00
U1002,U1018,comment,22-03-2025 09:50
U1009,U1001,like,21-03-2025 19:29
U1006,U1010,like,22-03-2025 23:24
U1008,U1018,share,20-03-2025 15:17
U1004,U1012,share,23-03-2025 20:31
U1007,U1011,comment,22-03-2025 18:29
U1019,U1010,comment,22-03-2025 10:10
U1014,U1010,like,22-03-2025 11:25
U1018,U1014,share,22-03-2025 00:45
U1006,U1013,share,21-03-2025 17:04
U1001,U1019,share,21-03-2025 01:43
U1003,U1006,share,22-03-2025 22:17
U1018,U1011,like,21-03-2025 23:55
U1009,U1001,share,23-03-2025 14:23
U1002,U1004,like,22-03-2025 04:06
U1015,U1006,share,20-03-2025 13:57
U1016,U1011,share,23-03-2025 09:27
U1003,U1008,comment,22-03-2025 01:54
U1017,U1002,like,23-03-2025 20:55
U1009,U1003,share,20-03-2025 20:24
U1014,U1011,share,20-03-2025 22:49
U1003,U1016,share,20-03-2025 16:38
U1010,U1012,share,22-03-2025 15:24
U1011,U1001,comment,20-03-2025 14:10
U1015,U1005,share,20-03-2025 14:26
U1012,U1003,like,22-03-2025 08:13
U1004,U1016,comment,22-03-2025 19:23
U1003,U1011,comment,23-03-2025 19:57
U1013,U1015,comment,20-03-2025 16:30
U1008,U1013,share,21-03-2025 02:53
U1013,U1007,like,23-03-2025 08:52
U1015,U1013,share,22-03-2025 12:51
U1010,U1017,comment,22-03-2025 17:22
U1004,U1014,comment,21-03-2025 05:34
U1016,U1007,share,21-03-2025 23:40
U1008,U1003,like,22-03-2025 23:02
U1019,U1008,like,21-03-2025 08:08
U1015,U1018,comment,22-03-2025 10:11
U1006,U1002,like,22-03-2025 10:37
U1010,U1017,like,23-03-2025 20:34
U1016,U1012,like,23-03-2025 12:36
U1006,U1003,like,21-03-2025 12:38
U1013,U1007,comment,22-03-2025 00:06
U1003,U1011,like,22-03-2025 14:58
U1008,U1019,like,20-03-2025 18:23
U1017,U1009,like,21-03-2025 10:48
U1019,U1014,like,20-03-2025 20:03
U1005,U1010,like,22-03-2025 14:58
U1016,U1020,like,21-03-2025 01:34
U1017,U1012,comment,23-03-2025 00:31
U1011,U1013,like,21-03-2025 12:01
U1005,U1001,share,20-03-2025 19:09
U1014,U1007,like,22-03-2025 00:20
U1002,U1016,comment,23-03-2025 02:59
U1007,U1008,comment,22-03-2025 20:02
U1011,U1003,share,22-03-2025 14:28
U1002,U1004,like,23-03-2025 17:28
U1009,U1001,share,21-03-2025 13:41
U1010,U1017,comment,22-03-2025 00:34
U1011,U1010,share,21-03-2025 12:14
U1020,U1004,share,21-03-2025 12:39
U1004,U1019,comment,21-03-2025 02:17
U1009,U1010,like,21-03-2025 09:28
U1008,U1013,comment,20-03-2025 19:23
U1011,U1014,comment,22-03-2025 05:36
U1006,U1015,comment,20-03-2025 13:27
U1007,U1001,comment,21-03-2025 09:03
U1001,U1005,like,20-03-2025 22:28
U1007,U1012,like,23-03-2025 17:03
U1007,U1006,comment,22-03-2025 01:46
U1004,U1009,like,21-03-2025 02:23
U1012,U1013,comment,20-03-2025 18:03
U1004,U1017,share,22-03-2025 11:59
U1020,U1013,share,21-03-2025 04:52
U1015,U1009,comment,20-03-2025 19:10
U1011,U1003,share,20-03-2025 11:47
U1020,U1008,share,22-03-2025 21:48
U1012,U1009,comment,23-03-2025 04:01
U1011,U1012,like,22-03-2025 18:29
U1020,U1019,comment,21-03-2025 15:59
U1017,U1019,comment,23-03-2025 00:52
U1005,U1020,like,23-03-2025 21:09
U1019,U1006,share,22-03-2025 22:26
U1016,U1003,like,22-03-2025 20:57
U1020,U1011,share,22-03-2025 17:43
U1004,U1005,share,22-03-2025 06:40
U1019,U1003,share,23-03-2025 17:59
U1010,U1008,comment,23-03-2025 21:09
U1018,U1004,like,22-03-2025 06:07
U1011,U1019,comment,23-03-2025 00:56
U1003,U1008,share,22-03-2025 05:35
U1015,U1003,like,23-03-2025 19:09
U1002,U1005,comment,20-03-2025 22:12
U1004,U1006,like,22-03-2025 19:51
U1018,U1011,like,20-03-2025 23:06
U1003,U1012,share,23-03-2025 07:40
U1020,U1014,like,21-03-2025 07:07
U1012,U1009,like,23-03-2025 17:14
U1007,U1009,comment,20-03-2025 14:49
U1010,U1001,comment,23-03-2025 00:26
U1018,U1016,like,22-03-2025 01:44
U1016,U1020,share,22-03-2025 19:24
U1020,U1013,like,23-03-2025 02:46
U1013,U1009,like,21-03-2025 04:47
U1002,U1006,share,20-03-2025 22:41
U1005,U1016,comment,22-03-2025 10:00
U1001,U1004,like,21-03-2025 23:23
U1009,U1017,like,23-03-2025 00:20
U1008,U1016,comment,21-03-2025 16:23
U1003,U1009,comment,22-03-2025 13:35
U1018,U1002,share,23-03-2025 10:57
U1004,U1017,like,21-03-2025 08:58
U1009,U1005,like,23-03-2025 16:34
U1011,U1018,comment,23-03-2025 19:46
U1019,U1018,share,22-03-2025 23:31
U1005,U1008,share,20-03-2025 21:08
U1008,U1015,share,22-03-2025 23:59
U1007,U1005,like,21-03-2025 15:09
U1015,U1002,comment,22-03-2025 09:20
U1017,U1003,comment,23-03-2025 10:29
U1010,U1014,share,23-03-2025 16:07
U1015,U1002,comment,21-03-2025 08:21
U1003,U1007,share,21-03-2025 16:44
U1004,U1017,like,21-03-2025 10:01
U1008,U1011,like,21-03-2025 14:21
U1009,U1006,like,22-03-2025 01:13
U1007,U1018,comment,20-03-2025 10:48
U1016,U1018,comment,20-03-2025 23:41
U1012,U1015,like,22-03-2025 18:14
U1014,U1001,share,21-03-2025 21:52
U1010,U1006,share,22-03-2025 15:57
U1005,U1020,comment,20-03-2025 16:59
U1019,U1016,comment,20-03-2025 22:46
U1008,U1015,comment,21-03-2025 12:35
U1004,U1014,comment,23-03-2025 14:10
U1005,U1019,comment,20-03-2025 11:13
U1004,U1011,comment,20-03-2025 22:20
U1014,U1010,share,21-03-2025 22:00
U1002,U1018,comment,21-03-2025 09:17
U1013,U1016,share,22-03-2025 08:31
U1015,U1009,share,20-03-2025 22:27
U1006,U1002,like,20-03-2025 21:53
U1016,U1001,like,22-03-2025 08:07
U1003,U1017,comment,21-03-2025 15:52
U1006,U1009,like,20-03-2025 10:35
U1018,U1015,comment,21-03-2025 23:12
U1004,U1011,share,20-03-2025 17:17
U1011,U1014,share,22-03-2025 02:07
U1020,U1016,like,23-03-2025 18:40
U1020,U1010,like,23-03-2025 03:01
U1008,U1003,like,21-03-2025 18:12
U1020,U1017,comment,22-03-2025 16:43
U1008,U1019,like,22-03-2025 06:58
U1003,U1018,like,23-03-2025 06:04
U1016,U1017,comment,21-03-2025 16:33
U1017,U1016,share,21-03-2025 10:32
U1004,U1002,like,23-03-2025 03:04
U1013,U1020,comment,23-03-2025 20:34
U1018,U1017,comment,21-03-2025 09:57
U1006,U1010,like,22-03-2025 00:59
U1002,U1006,comment,23-03-2025 13:45
U1012,U1018,comment,22-03-2025 17:37
U1002,U1013,share,21-03-2025 17:45
U1004,U1011,comment,22-03-2025 22:33
U1009,U1012,comment,20-03-2025 23:23
U1007,U1016,comment,23-03-2025 00:03
U1003,U1009,comment,20-03-2025 14:04
U1010,U1016,share,20-03-2025 10:33
U1009,U1006,comment,23-03-2025 18:21
U1015,U1019,share,22-03-2025 14:25
U1009,U1019,share,21-03-2025 21:52
U1006,U1009,share,22-03-2025 01:00
U1012,U1016,comment,23-03-2025 18:08
U1019,U1015,comment,22-03-2025 05:33
U1002,U1009,like,22-03-2025 21:37
U1013,U1008,share,22-03-2025 12:32
U1017,U1012,comment,23-03-2025 07:32
U1004,U1018,comment,23-03-2025 06:14
U1011,U1007,share,21-03-2025 14:15
U1006,U1013,like,20-03-2025 23:51
U1015,U1007,comment,23-03-2025 04:15
U1009,U1005,comment,23-03-2025 03:33
U1009,U1014,like,21-03-2025 11:46
U1015,U1001,comment,21-03-2025 12:15
U1009,U1006,comment,22-03-2025 22:08
U1002,U1003,like,20-03-2025 14:18
U1020,U1007,comment,20-03-2025 22:50
U1014,U1010,share,21-03-2025 15:11
U1018,U1005,like,21-03-2025 19:05
U1012,U1007,comment,21-03-2025 07:21
U1004,U1002,share,23-03-2025 02:28
U1014,U1001,comment,23-03-2025 07:52
U1016,U1008,like,21-03-2025 01:03
U1006,U1010,like,21-03-2025 23:27
U1006,U1004,share,22-03-2025 04:52
U1009,U1012,like,20-03-2025 11:15
U1019,U1013,share,21-03-2025 09:27
U1020,U1017,share,22-03-2025 03:21
U1015,U1006,like,23-03-2025 15:54
U1020,U1005,share,21-03-2025 16:04
U1005,U1008,share,22-03-2025 14:36
U1006,U1017,comment,21-03-2025 14:12
U1002,U1001,share,22-03-2025 01:50
U1007,U1015,share,22-03-2025 20:05
U1020,U1006,comment,20-03-2025 14:16
U1003,U1009,like,21-03-2025 14:16
U1003,U1016,share,21-03-2025 14:42
U1002,U1013,like,23-03-2025 02:06
U1002,U1006,comment,21-03-2025 01:29
U1002,U1003,comment,22-03-2025 20:41
U1007,U1009,comment,23-03-2025 13:57
U1004,U1009,share,23-03-2025 03:34
U1011,U1017,share,23-03-2025 14:24
U1007,U1013,share,22-03-2025 06:12
U1005,U1008,comment,22-03-2025 17:39
U1002,U1015,comment,22-03-2025 13:38
U1014,U1005,share,23-03-2025 04:50
U1004,U1019,share,21-03-2025 16:23
U1009,U1011,like,22-03-2025 16:39
U1020,U1009,like,23-03-2025 13:39
U1009,U1011,share,23-03-2025 16:37
U1004,U1019,comment,20-03-2025 19:20
U1001,U1013,share,21-03-2025 10:51
U1019,U1002,comment,21-03-2025 12:58
U1006,U1017,comment,21-03-2025 06:43
U1004,U1005,like,22-03-2025 08:18
U1006,U1005,like,22-03-2025 19:21
U1015,U1007,like,22-03-2025 04:51
U1018,U1015,comment,23-03-2025 21:09
U1004,U1019,like,21-03-2025 21:39
U1006,U1007,comment,22-03-2025 01:10
U1001,U1015,share,23-03-2025 15:52
U1020,U1010,share,22-03-2025 12:46
U1018,U1006,like,21-03-2025 09:56
U1018,U1009,comment,23-03-2025 00:12
U1015,U1011,like,21-03-2025 00:48
U1007,U1006,comment,22-03-2025 16:32
U1016,U1020,comment,22-03-2025 04:52
U1010,U1018,share,23-03-2025 03:25
U1017,U1001,share,23-03-2025 06:57
U1014,U1012,like,22-03-2025 19:35
U1012,U1006,comment,20-03-2025 15:01
U1011,U1020,like,21-03-2025 15:45
U1010,U1011,share,21-03-2025 18:24
U1012,U1004,like,20-03-2025 23:15
U1010,U1008,like,22-03-2025 23:15
U1012,U1019,share,22-03-2025 17:20
U1008,U1009,comment,21-03-2025 06:33
U1019,U1005,like,21-03-2025 23:43
U1004,U1015,like,20-03-2025 22:51
U1014,U1005,comment,20-03-2025 12:38
U1008,U1006,comment,21-03-2025 05:46
U1002,U1001,like,20-03-2025 12:15
U1006,U1009,share,22-03-2025 03:30
U1002,U1006,share,22-03-2025 12:18
U1004,U1011,share,22-03-2025 12:22
U1011,U1014,like,22-03-2025 02:02
U1018,U1016,share,22-03-2025 05:56
U1015,U1005,comment,21-03-2025 13:58
U1015,U1014,like,22-03-2025 17:46
U1007,U1017,comment,22-03-2025 03:07
U1003,U1002,like,20-03-2025 12:14
U1014,U1007,like,22-03-2025 01:41
U1011,U1013,like,21-03-2025 00:28
U1002,U1003,like,23-03-2025 12:06
U1001,U1016,comment,20-03-2025 16:13
U1013,U1011,like,21-03-2025 09:29
U1019,U1009,like,22-03-2025 01:24
U1004,U1017,comment,21-03-2025 09:34
U1004,U1008,comment,23-03-2025 17:53
U1005,U1007,comment,21-03-2025 07:38
U1003,U1011,like,21-03-2025 05:26
U1018,U1020,share,22-03-2025 08:59
U1011,U1019,like,21-03-2025 02:16
U1016,U1019,share,23-03-2025 06:13
U1005,U1009,share,22-03-2025 11:45
U1019,U1001,like,21-03-2025 12:19
U1014,U1016,share,23-03-2025 20:58
U1007,U1004,comment,20-03-2025 23:04
U1007,U1009,comment,23-03-2025 04:21
U1010,U1007,like,20-03-2025 22:08
U1003,U1012,like,22-03-2025 10:50
U1010,U1004,like,20-03-2025 14:44
U1002,U1010,comment,23-03-2025 00:56
U1004,U1006,comment,20-03-2025 22:23
U1001,U1017,share,23-03-2025 10:14
U1014,U1006,comment,21-03-2025 09:13
U1015,U1005,comment,23-03-2025 16:36
U1014,U1008,share,22-03-2025 16:04
U1006,U1018,like,22-03-2025 07:38
U1019,U1007,share,23-03-2025 19:26
U1004,U1009,comment,22-03-2025 08:13
U1007,U1001,like,22-03-2025 01:56
U1002,U1019,like,21-03-2025 13:22
U1009,U1003,share,22-03-2025 16:58
U1011,U1015,like,22-03-2025 14:50
U1001,U1003,like,21-03-2025 08:36
U1016,U1010,share,21-03-2025 05:52
U1003,U1005,like,22-03-2025 03:01
U1016,U1012,comment,21-03-2025 13:49
U1003,U1005,like,22-03-2025 08:49
U1016,U1004,like,23-03-2025 09:04
U1018,U1015,share,22-03-2025 17:21
U1015,U1020,like,23-03-2025 14:36
U1012,U1017,like,23-03-2025 19:51
U1009,U1011,share,21-03-2025 01:16
U1001,U1011,share,22-03-2025 20:31
U1007,U1017,comment,22-03-2025 08:32
U1008,U1015,comment,22-03-2025 00:11
U1017,U1016,comment,23-03-2025 18:29
U1008,U1016,comment,23-03-2025 11:05
U1008,U1006,comment,22-03-2025 00:03
U1006,U1007,share,22-03-2025 07:31
U1017,U1004,like,23-03-2025 09:57
U1006,U1016,comment,20-03-2025 22:51
U1015,U1018,share,21-03-2025 07:18
U1018,U1002,comment,20-03-2025 17:02
U1017,U1005,share,20-03-2025 12:14
U1018,U1013,like,22-03-2025 12:53
U1016,U1006,share,23-03-2025 17:40
U1015,U1006,comment,21-03-2025 00:07
U1018,U1016,comment,22-03-2025 11:23
U1014,U1019,like,20-03-2025 15:12
U1009,U1018,share,23-03-2025 12:45
U1020,U1008,like,23-03-2025 05:11
U1011,U1005,like,20-03-2025 21:32
U1005,U1017,comment,20-03-2025 11:23
U1010,U1003,comment,22-03-2025 14:37
U1007,U1014,share,23-03-2025 03:41
U1016,U1012,share,22-03-2025 01:44
U1008,U1012,like,20-03-2025 13:01
U1014,U1019,comment,20-03-2025 14:08
U1006,U1020,like,22-03-2025 14:51
U1006,U1015,like,20-03-2025 15:34
U1018,U1017,like,22-03-2025 10:26
U1009,U1012,like,20-03-2025 19:03
U1008,U1004,share,20-03-2025 22:15
U1019,U1020,share,23-03-2025 12:37
U1006,U1009,like,21-03-2025 14:22
U1010,U1011,like,23-03-2025 13:32
U1009,U1015,comment,21-03-2025 21:41
U1011,U1006,share,21-03-2025 11:39
U1018,U1001,like,21-03-2025 21:20
U1020,U1019,share,22-03-2025 18:14
U1011,U1018,share,23-03-2025 08:00
U1020,U1002,like,21-03-2025 07:07
U1009,U1013,like,22-03-2025 11:16
U1011,U1013,comment,20-03-2025 13:07
U1004,U1002,share,23-03-2025 03:54
U1005,U1001,like,21-03-2025 12:27
U1006,U1010,comment,22-03-2025 06:51
U1002,U1014,comment,22-03-2025 12:32
U1012,U1010,like,22-03-2025 04:37
U1017,U1016,share,20-03-2025 16:40
U1006,U1003,comment,22-03-2025 01:09
U1003,U1014,share,20-03-2025 23:24
U1008,U1004,comment,20-03-2025 23:30
U1011,U1018,like,22-03-2025 17:51
U1012,U1011,share,20-03-2025 13:03
U1008,U1012,share,22-03-2025 04:53
U1005,U1012,comment,22-03-2025 02:29
U1010,U1018,share,21-03-2025 06:10
U1019,U1014,comment,20-03-2025 12:27
U1016,U1010,comment,21-03-2025 16:07
U1013,U1019,like,21-03-2025 13:38
U1006,U1014,comment,21-03-2025 19:47
U1007,U1018,share,23-03-2025 03:55
U1001,U1019,share,20-03-2025 23:45
U1015,U1008,share,22-03-2025 18:02
U1010,U1018,comment,23-03-2025 13:31
U1020,U1017,share,20-03-2025 18:10
U1006,U1008,like,22-03-2025 19:24
U1014,U1020,like,20-03-2025 21:10
U1018,U1010,comment,20-03-2025 23:04
U1002,U1009,share,21-03-2025 15:34
U1017,U1020,share,22-03-2025 03:07
U1020,U1016,share,21-03-2025 01:53
U1016,U1002,comment,22-03-2025 21:22
U1002,U1005,share,20-03-2025 16:44
U1018,U1010,like,22-03-2025 18:59
U1004,U1001,like,21-03-2025 00:50
U1009,U1004,like,21-03-2025 14:09
U1015,U1011,like,21-03-2025 05:53
U1012,U1014,like,21-03-2025 19:47
U1013,U1015,share,23-03-2025 09:08
U1015,U1006,comment,23-03-2025 17:34
U1009,U1003,like,21-03-2025 16:15
U1001,U1008,like,21-03-2025 02:02
U1015,U1003,like,23-03-2025 10:50
U1001,U1010,share,20-03-2025 12:02
U1006,U1019,like,20-03-2025 16:02
U1016,U1002,like,22-03-2025 09:57
U1017,U1012,share,20-03-2025 21:26
U1017,U1012,comment,22-03-2025 05:55
U1020,U1010,like,21-03-2025 10:03
U1013,U1003,like,21-03-2025 19:18
U1014,U1003,like,21-03-2025 05:23
U1007,U1002,like,20-03-2025 11:04
U1015,U1011,like,21-03-2025 10:34
U1020,U1011,comment,22-03-2025 17:40
U1010,U1012,like,21-03-2025 18:28
U1014,U1001,share,23-03-2025 07:18
U1018,U1017,like,22-03-2025 23:28
U1013,U1003,share,22-03-2025 00:29
U1020,U1003,share,21-03-2025 01:29
U1007,U1014,share,22-03-2025 02:18
U1001,U1016,like,22-03-2025 07:49
U1006,U1017,comment,20-03-2025 14:56
U1011,U1014,comment,23-03-2025 09:36
U1006,U1016,like,22-03-2025 15:10
U1011,U1006,share,21-03-2025 10:51
U1004,U1017,like,20-03-2025 13:32
U1018,U1013,share,23-03-2025 16:49
U1016,U1002,like,23-03-2025 19:02
U1006,U1016,comment,21-03-2025 21:53
U1019,U1002,like,20-03-2025 23:47
U1008,U1018,share,20-03-2025 23:51
U1012,U1010,like,22-03-2025 07:06
U1002,U1004,share,20-03-2025 20:59
U1011,U1017,like,21-03-2025 14:04
U1013,U1008,share,22-03-2025 22:31
U1002,U1018,share,21-03-2025 09:20
U1019,U1015,comment,21-03-2025 15:18
U1003,U1011,like,21-03-2025 22:50
U1017,U1014,share,23-03-2025 12:45
U1005,U1009,share,22-03-2025 12:46
U1019,U1008,comment,23-03-2025 07:34
U1003,U1006,share,20-03-2025 12:52
U1019,U1003,like,23-03-2025 17:21
U1002,U1009,share,23-03-2025 14:09
U1003,U1013,share,22-03-2025 02:36
U1019,U1015,comment,21-03-2025 22:50
U1013,U1004,like,21-03-2025 10:55
U1011,U1010,comment,21-03-2025 08:05
U1009,U1004,comment,22-03-2025 20:48
U1007,U1001,share,21-03-2025 21:21
U1014,U1006,comment,21-03-2025 14:16
U1004,U1006,share,22-03-2025 00:24
U1008,U1019,share,21-03-2025 19:13
U1014,U1010,share,20-03-2025 10:10
U1005,U1016,like,22-03-2025 07:07
U1011,U1013,like,22-03-2025 18:00
U1014,U1015,share,20-03-2025 15:34
U1020,U1003,comment,22-03-2025 13:26
U1009,U1005,share,23-03-2025 19:09
U1014,U1006,like,20-03-2025 12:18
U1017,U1015,share,22-03-2025 09:24
U1004,U1013,like,21-03-2025 20:32
U1013,U1010,share,22-03-2025 19:30
U1011,U1020,like,23-03-2025 01:04
U1011,U1012,share,21-03-2025 16:06
U1012,U1017,comment,23-03-2025 15:51
U1001,U1018,like,21-03-2025 20:52
U1006,U1015,like,22-03-2025 03:25
U1003,U1002,share,22-03-2025 04:11
U1005,U1011,comment,21-03-2025 22:38
U1003,U1020,comment,23-03-2025 05:13
U1003,U1011,like,21-03-2025 16:50
U1019,U1006,comment,20-03-2025 14:50
U1005,U1014,comment,20-03-2025 21:48
U1016,U1001,like,21-03-2025 14:18
U1012,U1007,like,21-03-2025 05:27
U1015,U1005,share,20-03-2025 10:45
U1014,U1015,like,22-03-2025 10:41
U1018,U1006,comment,23-03-2025 13:29
U1019,U1007,share,23-03-2025 07:05
U1005,U1017,comment,22-03-2025 00:45
U1016,U1014,like,21-03-2025 22:57
U1010,U1017,share,21-03-2025 21:32
U1005,U1019,share,22-03-2025 20:43
U1018,U1003,share,22-03-2025 08:06
U1001,U1010,like,22-03-2025 02:05
U1008,U1017,like,20-03-2025 23:47
U1010,U1011,share,20-03-2025 16:52
U1017,U1015,share,20-03-2025 10:38
U1020,U1010,comment,23-03-2025 20:53
U1013,U1010,comment,20-03-2025 17:53
U1018,U1011,like,20-03-2025 13:24
U1017,U1012,share,22-03-2025 04:03
U1018,U1016,share,21-03-2025 11:34
U1017,U1018,share,23-03-2025 08:51
U1001,U1017,comment,21-03-2025 15:31
U1019,U1017,comment,22-03-2025 19:51
U1009,U1002,share,21-03-2025 12:54
U1002,U1019,share,21-03-2025 01:32
U1018,U1020,comment,21-03-2025 19:07
U1006,U1008,comment,23-03-2025 00:43
U1016,U1020,like,23-03-2025 13:51
U1013,U1014,comment,21-03-2025 03:26
U1001,U1019,share,22-03-2025 10:49
U1011,U1014,like,21-03-2025 16:16
U1003,U1004,like,21-03-2025 06:45
U1001,U1016,comment,20-03-2025 22:11
U1007,U1017,share,23-03-2025 09:58
U1015,U1007,like,23-03-2025 01:27
U1005,U1006,comment,21-03-2025 00:31
U1003,U1009,share,20-03-2025 16:32
U1014,U1004,share,22-03-2025 15:48
U1016,U1007,share,21-03-2025 07:24
U1016,U1003,like,20-03-2025 13:01
U1003,U1019,comment,20-03-2025 18:18
U1017,U1002,share,20-03-2025 12:13
U1016,U1012,comment,23-03-2025 15:58
U1008,U1012,comment,21-03-2025 10:55
U1014,U1013,like,22-03-2025 10:46
U1019,U1016,comment,23-03-2025 02:53
U1007,U1012,share,22-03-2025 17:24
U1015,U1001,comment,21-03-2025 04:07
U1011,U1017,like,23-03-2025 17:45
U1005,U1008,share,22-03-2025 01:18
U1016,U1019,comment,21-03-2025 14:06
U1010,U1020,share,21-03-2025 04:59
U1002,U1011,share,22-03-2025 14:21
U1016,U1004,comment,20-03-2025 12:25
U1018,U1004,comment,23-03-2025 13:27
U1005,U1004,share,22-03-2025 12:22
U1003,U1015,share,20-03-2025 14:49
U1012,U1020,like,22-03-2025 03:38
U1015,U1020,comment,23-03-2025 19:31
U1011,U1009,like,23-03-2025 07:04
U1010,U1012,comment,21-03-2025 21:04
U1019,U1005,comment,21-03-2025 04:09
U1006,U1008,comment,20-03-2025 19:43
U1005,U1004,comment,22-03-2025 17:05
U1012,U1001,like,22-03-2025 05:35
U1011,U1017,comment,22-03-2025 18:17
U1005,U1009,share,22-03-2025 04:36
U1009,U1020,comment,21-03-2025 05:38
U1004,U1016,share,22-03-2025 22:32
U1005,U1002,comment,21-03-2025 03:33
U1007,U1016,like,20-03-2025 19:35
U1001,U1008,share,21-03-2025 10:29
U1011,U1017,comment,21-03-2025 13:23
U1015,U1020,share,23-03-2025 02:48
U1009,U1002,like,22-03-2025 12:40
U1017,U1002,share,23-03-2025 00:02
U1016,U1007,comment,21-03-2025 22:36
U1010,U1009,like,22-03-2025 04:37
U1010,U1004,share,21-03-2025 05:42
U1001,U1019,comment,23-03-2025 09:39
U1006,U1009,comment,21-03-2025 01:58
U1012,U1007,comment,22-03-2025 04:57
U1001,U1009,comment,21-03-2025 14:48
U1015,U1001,like,23-03-2025 07:44
U1006,U1020,like,22-03-2025 10:02
U1010,U1007,comment,20-03-2025 15:37
U1006,U1008,comment,21-03-2025 13:44
U1017,U1001,like,21-03-2025 22:16
U1019,U1017,like,22-03-2025 06:08
U1013,U1002,like,23-03-2025 06:57
U1010,U1020,like,20-03-2025 14:10
U1004,U1012,share,21-03-2025 07:22
U1002,U1014,like,22-03-2025 07:58
U1003,U1013,comment,22-03-2025 03:26
U1009,U1014,like,21-03-2025 16:12
U1014,U1004,share,21-03-2025 04:16
U1015,U1020,share,23-03-2025 08:51
U1009,U1004,share,22-03-2025 13:21
U1015,U1020,comment,21-03-2025 18:36
U1006,U1005,comment,20-03-2025 19:42
U1014,U1003,comment,23-03-2025 19:21
U1003,U1012,share,23-03-2025 15:39
U1012,U1019,like,22-03-2025 11:50
U1002,U1017,like,21-03-2025 18:10
U1001,U1004,share,23-03-2025 16:25
U1017,U1007,comment,22-03-2025 00:08
U1020,U1007,comment,23-03-2025 20:44
U1005,U1018,like,20-03-2025 17:37
U1008,U1001,like,22-03-2025 04:39
U1012,U1019,comment,22-03-2025 10:58
U1011,U1014,share,21-03-2025 06:28
U1011,U1007,comment,22-03-2025 00:27
U1001,U1011,share,22-03-2025 20:07
U1009,U1012,share,21-03-2025 05:19
U1002,U1017,comment,21-03-2025 21:18
U1014,U1009,comment,20-03-2025 10:36
U1007,U1002,share,23-03-2025 00:18
U1002,U1015,like,22-03-2025 20:53
U1014,U1004,comment,20-03-2025 12:11
U1006,U1003,comment,22-03-2025 21:10
U1013,U1009,share,23-03-2025 20:07
U1006,U1017,share,20-03-2025 23:21
U1019,U1006,like,22-03-2025 11:10
U1014,U1010,comment,21-03-2025 20:27
U1013,U1002,share,23-03-2025 20:44
U1003,U1012,comment,21-03-2025 09:20
U1008,U1002,comment,22-03-2025 13:08
U1007,U1002,comment,22-03-2025 17:33
U1005,U1010,share,22-03-2025 22:02
U1013,U1001,comment,21-03-2025 01:38
U1001,U1019,share,21-03-2025 07:01
U1015,U1009,share,23-03-2025 16:53
U1009,U1014,comment,22-03-2025 12:21
U1020,U1013,share,20-03-2025 13:59
U1005,U1002,comment,20-03-2025 11:13
U1019,U1020,share,22-03-2025 17:13
U1013,U1003,comment,23-03-2025 19:24
U1001,U1002,like,21-03-2025 23:12
U1006,U1019,comment,21-03-2025 10:20
U1011,U1003,share,21-03-2025 09:30
U1003,U1010,comment,20-03-2025 20:10
U1018,U1016,comment,23-03-2025 13:02
U1002,U1013,comment,23-03-2025 15:00
U1005,U1010,share,21-03-2025 03:44
U1014,U1007,comment,23-03-2025 04:58
U1001,U1002,share,20-03-2025 11:22
U1020,U1006,share,21-03-2025 22:07
U1017,U1018,like,21-03-2025 07:33
U1009,U1015,share,20-03-2025 22:44
U1012,U1019,comment,22-03-2025 15:35
U1004,U1003,like,23-03-2025 05:16
U1008,U1019,comment,22-03-2025 02:06
U1005,U1017,comment,23-03-2025 11:03
U1006,U1004,comment,22-03-2025 11:28
U1005,U1016,like,21-03-2025 12:13
U1010,U1008,like,20-03-2025 10:35
U1005,U1008,comment,20-03-2025 19:26
U1014,U1008,share,21-03-2025 09:49
U1014,U1010,comment,22-03-2025 02:04
U1010,U1020,like,22-03-2025 08:26
U1002,U1013,comment,23-03-2025 06:18
U1014,U1002,like,22-03-2025 11:56
U1014,U1003,like,23-03-2025 14:09
U1005,U1007,like,21-03-2025 18:15
U1002,U1018,like,22-03-2025 21:28
U1007,U1005,share,20-03-2025 14:03
U1013,U1019,like,21-03-2025 16:06
U1017,U1010,share,20-03-2025 11:35
U1020,U1004,like,20-03-2025 19:13
U1010,U1019,comment,23-03-2025 20:52
U1016,U1017,like,20-03-2025 21:02
U1005,U1016,like,22-03-2025 18:17
U1014,U1007,share,20-03-2025 21:47
U1010,U1001,comment,23-03-2025 16:00
U1012,U1017,comment,22-03-2025 21:19
U1001,U1009,like,22-03-2025 10:04
U1016,U1017,comment,22-03-2025 01:27
U1014,U1013,comment,22-03-2025 09:22
U1014,U1017,like,21-03-2025 17:24
U1004,U1017,like,22-03-2025 14:15
U1011,U1012,share,23-03-2025 05:41
U1015,U1018,like,23-03-2025 09:19
U1008,U1020,share,22-03-2025 16:46
U1012,U1014,share,20-03-2025 11:42
U1004,U1007,share,23-03-2025 01:56
U1001,U1012,share,23-03-2025 02:15
U1008,U1016,like,21-03-2025 10:28
U1011,U1016,comment,23-03-2025 00:14
U1001,U1007,comment,21-03-2025 22:23
U1010,U1016,share,23-03-2025 11:37
U1013,U1007,like,23-03-2025 19:09
U1008,U1020,like,21-03-2025 12:15
U1010,U1002,like,21-03-2025 18:49
U1020,U1016,like,20-03-2025 11:20
U1019,U1008,share,21-03-2025 00:43
U1007,U1015,comment,20-03-2025 13:37
U1009,U1016,comment,20-03-2025 18:50
U1010,U1013,like,22-03-2025 16:41
U1014,U1003,like,22-03-2025 02:27
U1015,U1017,like,23-03-2025 01:47
U1020,U1008,comment,23-03-2025 18:43
U1002,U1009,comment,21-03-2025 14:59
U1006,U1004,comment,22-03-2025 12:09
U1005,U1017,like,23-03-2025 10:52
U1016,U1020,comment,21-03-2025 15:03
U1015,U1007,like,22-03-2025 02:55
U1016,U1005,comment,22-03-2025 14:07
U1015,U1009,share,22-03-2025 11:07
U1001,U1006,like,21-03-2025 11:07
U1019,U1008,share,23-03-2025 15:48
U1011,U1016,comment,21-03-2025 17:18
U1006,U1016,comment,21-03-2025 13:13
U1004,U1009,share,23-03-2025 19:00
U1020,U1010,comment,22-03-2025 12:48
U1003,U1014,share,20-03-2025 15:21
U1004,U1001,share,23-03-2025 04:48
U1005,U1009,share,21-03-2025 11:14
U1019,U1009,comment,23-03-2025 00:35
U1003,U1008,like,21-03-2025 01:18
U1004,U1017,share,23-03-2025 21:02
U1013,U1006,like,22-03-2025 07:44
U1020,U1001,like,21-03-2025 20:01
U1003,U1015,like,22-03-2025 12:19
U1016,U1002,share,20-03-2025 22:24
U1018,U1009,like,20-03-2025 19:34
U1004,U1018,share,23-03-2025 12:02
U1015,U1017,comment,23-03-2025 09:11
U1008,U1016,like,21-03-2025 00:30
U1010,U1013,like,21-03-2025 11:14
U1019,U1003,like,23-03-2025 06:57
U1011,U1007,share,23-03-2025 07:41
U1004,U1007,share,20-03-2025 10:23
U1019,U1006,share,21-03-2025 06:28
U1011,U1012,comment,22-03-2025 03:15
U1011,U1007,share,22-03-2025 03:31
U1012,U1015,share,21-03-2025 18:30
U1005,U1020,comment,20-03-2025 11:20
U1004,U1011,like,21-03-2025 20:46
U1019,U1017,comment,21-03-2025 09:27
U1014,U1004,share,21-03-2025 23:58
U1003,U1002,share,22-03-2025 03:05
U1014,U1004,share,23-03-2025 07:33
U1004,U1015,like,23-03-2025 05:20
U1004,U1005,like,23-03-2025 02:54
U1015,U1018,like,23-03-2025 06:00
U1013,U1004,comment,20-03-2025 16:18
U1015,U1013,like,21-03-2025 22:25
U1001,U1007,share,23-03-2025 04:40
U1015,U1016,like,20-03-2025 22:11
U1007,U1003,comment,21-03-2025 10:12
U1001,U1013,share,22-03-2025 17:18
U1010,U1014,like,22-03-2025 05:37
U1015,U1009,like,22-03-2025 11:47
U1007,U1003,share,22-03-2025 01:46
U1005,U1020,comment,21-03-2025 09:18
U1020,U1004,like,22-03-2025 02:17
U1004,U1005,comment,22-03-2025 20:52
U1008,U1001,comment,22-03-2025 12:42
U1012,U1001,comment,21-03-2025 14:23
U1011,U1006,share,22-03-2025 02:35
U1009,U1011,comment,21-03-2025 11:45
U1009,U1007,comment,20-03-2025 17:41
U1007,U1017,like,21-03-2025 11:07
U1009,U1019,comment,23-03-2025 20:23
U1011,U1002,like,22-03-2025 20:04
U1015,U1011,comment,21-03-2025 01:48
U1014,U1018,like,22-03-2025 05:45
U1014,U1020,share,21-03-2025 11:48
U1018,U1012,like,22-03-2025 20:48
U1009,U1015,like,21-03-2025 20:07
U1018,U1002,comment,23-03-2025 20:32
U1009,U1015,share,23-03-2025 03:01
U1020,U1007,like,22-03-2025 13:59
U1012,U1010,comment,23-03-2025 15:25
U1007,U1013,share,23-03-2025 13:29
U1018,U1002,comment,20-03-2025 18:35
U1004,U1001,like,22-03-2025 04:59
U1010,U1003,comment,22-03-2025 03:12
U1010,U1007,share,21-03-2025 15:09
U1016,U1017,comment,21-03-2025 03:15
U1015,U1011,share,21-03-2025 03:42
U1017,U1005,comment,20-03-2025 20:07
U1020,U1005,like,23-03-2025 05:43
U1015,U1011,like,21-03-2025 18:32
U1015,U1003,comment,21-03-2025 13:38
U1005,U1006,like,20-03-2025 19:44
U1010,U1009,comment,22-03-2025 02:24
U1019,U1008,like,21-03-2025 14:06
U1006,U1020,comment,23-03-2025 01:29
U1003,U1008,comment,22-03-2025 23:10
U1013,U1014,share,22-03-2025 21:35
U1009,U1001,comment,21-03-2025 10:09
U1011,U1010,comment,21-03-2025 08:11
U1020,U1006,share,22-03-2025 06:28
U1008,U1016,like,21-03-2025 16:43
U1004,U1015,share,23-03-2025 10:12
U1010,U1002,like,23-03-2025 20:07
U1017,U1020,comment,20-03-2025 10:58
U1020,U1005,like,23-03-2025 10:14
U1009,U1011,like,22-03-2025 04:30
U1020,U1012,like,23-03-2025 05:50
U1005,U1007,share,23-03-2025 11:45
U1013,U1005,like,20-03-2025 19:05
U1016,U1013,comment,23-03-2025 07:22
U1010,U1019,comment,21-03-2025 02:29
U1001,U1014,comment,21-03-2025 13:39
U1014,U1015,comment,21-03-2025 13:38
U1006,U1020,comment,22-03-2025 17:32
U1003,U1010,comment,23-03-2025 03:40
U1015,U1009,comment,21-03-2025 00:22
U1015,U1009,share,21-03-2025 07:29
U1008,U1013,like,22-03-2025 22:08
U1016,U1007,share,21-03-2025 18:03
U1016,U1009,share,23-03-2025 09:11
U1010,U1007,comment,20-03-2025 17:53
U1010,U1019,comment,23-03-2025 11:12
U1017,U1006,like,22-03-2025 18:01
U1014,U1002,like,23-03-2025 04:08
U1016,U1002,like,20-03-2025 19:31
U1015,U1004,like,23-03-2025 09:20
U1005,U1001,like,23-03-2025 09:05
U1013,U1016,share,22-03-2025 01:54
U1004,U1007,like,21-03-2025 13:30
U1014,U1018,share,20-03-2025 10:46
U1004,U1020,like,21-03-2025 00:26
U1016,U1015,share,20-03-2025 16:43
U1004,U1017,like,21-03-2025 08:16
U1001,U1020,share,21-03-2025 13:49
U1008,U1005,like,20-03-2025 10:36
U1016,U1011,comment,21-03-2025 15:49
U1011,U1018,share,22-03-2025 06:37
U1007,U1003,comment,21-03-2025 11:20
U1009,U1006,share,21-03-2025 02:28
U1005,U1003,like,23-03-2025 02:42
U1011,U1007,comment,21-03-2025 16:06
U1001,U1011,share,20-03-2025 11:32
U1012,U1002,share,21-03-2025 04:53
U1015,U1003,comment,22-03-2025 00:27
U1010,U1007,like,23-03-2025 21:00
U1015,U1008,like,23-03-2025 11:11
U1017,U1020,share,21-03-2025 04:07
U1018,U1017,comment,20-03-2025 20:27
U1008,U1004,comment,22-03-2025 03:39
U1015,U1003,share,22-03-2025 10:38
U1011,U1008,comment,23-03-2025 02:04
U1015,U1014,like,20-03-2025 14:37
U1006,U1019,like,21-03-2025 20:48
U1016,U1020,like,22-03-2025 07:41
U1002,U1007,comment,21-03-2025 06:40
U1013,U1007,share,22-03-2025 00:38
U1010,U1006,share,22-03-2025 11:28
U1009,U1017,comment,22-03-2025 04:22
U1018,U1007,share,22-03-2025 05:41
U1016,U1020,like,21-03-2025 07:35
U1012,U1017,share,23-03-2025 13:46
U1020,U1016,like,22-03-2025 08:23
U1016,U1020,share,23-03-2025 06:40
U1004,U1001,share,21-03-2025 01:26
U1013,U1015,like,23-03-2025 16:10
U1020,U1001,like,20-03-2025 23:09
U1002,U1009,share,21-03-2025 03:14
U1010,U1020,comment,21-03-2025 12:10
U1008,U1009,comment,23-03-2025 09:39
U1015,U1018,comment,20-03-2025 17:28
U1009,U1004,share,23-03-2025 02:17
U1009,U1013,share,23-03-2025 19:43
U1019,U1020,share,20-03-2025 21:25
U1014,U1012,comment,21-03-2025 07:21
U1011,U1002,like,21-03-2025 08:06
U1010,U1009,share,21-03-2025 09:10
U1002,U1020,comment,20-03-2025 12:16
U1018,U1005,comment,20-03-2025 20:53
U1008,U1016,like,21-03-2025 08:42
U1018,U1017,share,21-03-2025 04:34
U1012,U1019,comment,22-03-2025 20:00
U1015,U1009,comment,20-03-2025 16:34
U1009,U1004,like,22-03-2025 22:54
U1015,U1014,like,20-03-2025 16:33
U1008,U1015,like,23-03-2025 10:59
U1007,U1020,comment,21-03-2025 00:34
U1009,U1017,share,21-03-2025 01:34
U1018,U1016,comment,21-03-2025 12:45
U1015,U1006,like,21-03-2025 06:03
U1004,U1013,like,20-03-2025 17:12
U1011,U1017,comment,21-03-2025 04:11
U1015,U1014,like,21-03-2025 16:44
U1011,U1004,comment,20-03-2025 13:09
U1008,U1015,share,20-03-2025 17:24
U1006,U1016,like,22-03-2025 10:23
U1011,U1020,like,21-03-2025 19:46
U1017,U1012,like,23-03-2025 10:14
U1003,U1020,comment,21-03-2025 07:57
U1005,U1001,like,22-03-2025 07:33
U1009,U1004,comment,20-03-2025 10:40
U1016,U1007,like,20-03-2025 21:26
U1017,U1001,share,23-03-2025 17:16
U1003,U1007,share,23-03-2025 07:20
U1019,U1001,like,23-03-2025 20:14
U1009,U1015,comment,20-03-2025 22:58
U1005,U1010,share,21-03-2025 09:22
U1017,U1008,comment,23-03-2025 09:03
U1018,U1016,like,23-03-2025 14:40
U1019,U1004,like,23-03-2025 11:25
U1002,U1008,share,23-03-2025 01:21
U1011,U1009,share,21-03-2025 00:18
U1011,U1018,like,20-03-2025 21:03
U1015,U1010,comment,20-03-2025 20:06
U1011,U1017,share,22-03-2025 02:05
U1008,U1012,like,23-03-2025 10:15
U1009,U1018,share,23-03-2025 15:49
U1017,U1012,share,22-03-2025 16:39
U1007,U1004,comment,21-03-2025 11:15
U1013,U1012,comment,22-03-2025 22:04
U1004,U1003,like,21-03-2025 20:54
U1019,U1011,like,23-03-2025 10:51
U1010,U1003,like,20-03-2025 20:15
U1009,U1012,comment,22-03-2025 06:45
U1002,U1010,comment,22-03-2025 08:03
U1019,U1004,like,20-03-2025 18:50
U1012,U1020,share,22-03-2025 21:47
U1007,U1002,share,22-03-2025 04:58
U1004,U1003,share,20-03-2025 17:22
U1001,U1019,comment,23-03-2025 19:00
U1011,U1018,like,21-03-2025 11:18
U1011,U1003,comment,20-03-2025 16:16
U1009,U1020,like,20-03-2025 13:21
